id_votacao,data,dataHoraRegistro,siglaOrgao,idOrgao,idEvento,descricao,aprovacao,descUltimaAberturaVotacao,dataHoraUltimaAberturaVotacao,ultimaApresentacaoProposicao.dataHoraRegistro,ultimaApresentacaoProposicao.descricao,ultimaApresentacaoProposicao.uriProposicaoCitada
2442848-52,2025-03-27,2025-03-27T12:52:30,PLEN,180,75672,"Aprovada a Redação Final assinada pelo relator, Dep. Ricardo Ayres (REPUBLIC-TO).",1,Votação da Redação Final.,2025-03-27T12:52:18,,,
2442848-50,2025-03-27,2025-03-27T12:52:13,PLEN,180,75672,"Aprovado o Projeto de Decreto Legislativo nº 311, de 2024. Sim: 270; Não: 7; Abstenção: 5; Total: 282.",1,Votação em turno único.,2025-03-27T12:43:55,,,
2442848-47,2025-03-27,2025-03-27T12:43:48,PLEN,180,75672,Rejeitado o Requerimento. Sim: 36; Não: 268; Abstenção: 6; Total: 310.,0,,,,,
2442848-42,2025-03-27,2025-03-27T12:28:10,PLEN,180,75672,Rejeitado o Requerimento. Sim: 43; Não: 268; Abstenção: 9; Total: 320.,0,,,,,
2410601-48,2025-03-27,2025-03-27T12:16:28,PLEN,180,75672,"Aprovada a Redação Final assinada pela relatora, Dep. Laura Carneiro (PSD-RJ).",1,Votação da Redação Final.,2025-03-27T12:16:12,,,
2410601-46,2025-03-27,2025-03-27T12:15:33,PLEN,180,75672,"Aprovado o Projeto de Decreto Legislativo nº 478, de 2023. Sim: 310; Não: 5; Abstenção: 10; Total: 325.",1,Votação em turno único.,2025-03-27T12:02:04,,,
2410601-41,2025-03-27,2025-03-27T11:53:55,PLEN,180,75672,Rejeitado o Requerimento. Sim: 54; Não: 318; Total: 372.,0,,,,,
2454687-21,2025-03-26,2025-03-26T16:19:28,CPASF,539387,75668,Aprovado o Parecer.,1,,,2024-12-02T14:51:41,"Parecer da Relatora, Dep. Laura Carneiro (PSD-RJ), pela aprovação.",https://dadosabertos.camara.leg.br/api/v2/proposicoes/2473803
2453448-25,2025-03-26,2025-03-26T16:19:05,CPASF,539387,75668,Aprovado o Parecer.,1,,,2024-11-13T09:44:39,"Parecer da Relatora, Dep. Laura Carneiro (PSD-RJ), pela aprovação.",https://dadosabertos.camara.leg.br/api/v2/proposicoes/2468867
2420037-23,2025-03-26,2025-03-26T16:11:32,CPASF,539387,75668,Aprovado o Parecer.,1,,,2024-11-11T17:19:48,"Parecer da Relatora, Dep. Detinha (PL-MA), pela aprovação.",https://dadosabertos.camara.leg.br/api/v2/proposicoes/2467856
2334086-32,2025-03-26,2025-03-26T16:02:34,CPASF,539387,75668,Aprovado o Parecer.,1,,,2024-06-25T18:21:11,"Parecer da Relatora, Dep. Ana Paula Lima (PT-SC), pela aprovação.",https://dadosabertos.camara.leg.br/api/v2/proposicoes/2443103
2437785-25,2025-03-26,2025-03-26T15:58:46,CPASF,539387,75668,Aprovado o Parecer.,1,,,2024-11-27T20:18:22,"Parecer da Relatora, Dep. Daniela do Waguinho (UNIÃO-RJ), pela aprovação do PL 2180/2024, e pela rejeição do PL 2856/2024, apensado.",https://dadosabertos.camara.leg.br/api/v2/proposicoes/2472523
2449221-22,2025-03-26,2025-03-26T15:54:51,CPASF,539387,75668,Aprovado o Parecer.,1,,,2024-12-04T09:35:19,"Parecer da Relatora, Dep. Chris Tonietto (PL-RJ), pela aprovação, com emenda.",https://dadosabertos.camara.leg.br/api/v2/proposicoes/2475291
2488800-2,2025-03-26,2025-03-26T15:48:28,CPASF,539387,75668,Aprovado o Requerimento.,1,,,,"Apresentação do REQ n. 11/2025 (Requerimento de Audiência Pública), pelo Deputado Allan Garcês (PP/MA), que ""Requer a realização de audiência pública nesta Comissão com o objetivo de discutir os danos da utilização de cigarros eletrônicos por crianças e adolescentes"".",
2488420-2,2025-03-26,2025-03-26T15:47:27,CPASF,539387,75668,Aprovado o requerimento.,1,,,,"Apresentação do REQ n. 10/2025 (Requerimento de Audiência Pública), pela Deputada Laura Carneiro (PSD/RJ), que ""Requer que seja convidado o Exmo. Sr. José Wellington Barroso de Araújo Dias, Ministro de Estado do Desenvolvimento e Assistência Social, Família e Combate à Fome, a comparecer a esta Comissão, a fim de apresentar os planos e a agenda estratégica do ministério"".",
2488414-2,2025-03-26,2025-03-26T15:47:11,CPASF,539387,75668,Aprovado o requerimento.,1,,,,"Apresentação do REQ n. 9/2025 (Requerimento de Audiência Pública), pela Deputada Laura Carneiro (PSD/RJ), que ""Requer que seja convidada a Exma. Sra. Macaé Maria Evaristo dos Santos, Ministra dos Direitos Humanos e da Cidadania, a comparecer a esta Comissão, a fim de apresentar os planos e a agenda estratégica do ministério"".",
2488411-2,2025-03-26,2025-03-26T15:47:00,CPASF,539387,75668,Aprovado o Requerimento.,1,,,,"Apresentação do REQ n. 8/2025 (Requerimento de Audiência Pública), pelas Deputadas Chris Tonietto (PL/RJ) e Clarissa Tércio PP, que ""Requer a realização de Audiência Pública para debater sobre a obrigatoriedade de instalação de câmeras de monitoramento em sessões clínicas que tratam de pessoas com deficiência, visando a proteção e o acompanhamento da qualidade dos serviços prestados"".",
2488395-2,2025-03-26,2025-03-26T15:46:45,CPASF,539387,75668,Aprovado o requerimento.,1,,,,"Apresentação do REQ n. 7/2025 (Requerimento de Audiência Pública), pela Deputada Laura Carneiro (PSD/RJ), que ""Requer que seja convidado o Exmo. Sr. Carlos Roberto Lupi, Ministro de Estado da Previdência Social, a comparecer a esta Comissão, a fim de apresentar os planos e a agenda estratégica do ministério"".",
2488228-2,2025-03-26,2025-03-26T15:46:32,CPASF,539387,75668,Aprovado o Requerimento.,1,,,,"Apresentação do REQ n. 6/2025 (Requerimento de Audiência Pública), pela Deputada Chris Tonietto (PL/RJ), que ""Requer a realização de Audiência Pública para debater possível alteração na Lei nº 9.250, de 26 de dezembro de 1995, a fim de se implementar a opção de adoção do modelo de “splitting familiar” ao Imposto de Renda de Pessoa Física (IRPF) no Brasil"".",
2488128-2,2025-03-26,2025-03-26T15:46:22,CPASF,539387,75668,Aprovado o Requerimento.,1,,,,"Apresentação do REQ n. 5/2025 (Requerimento de Audiência Pública), pelo Deputado Ruy Carneiro (PODE/PB), que ""Requer que seja convidado o Exmo. Sr. Carlos Lupi, Ministro de Estado da Previdência Social, a comparecer a esta Comissão, a fim de apresentar os planos e a agenda estratégica da Pasta para os próximos anos"".",
2488126-2,2025-03-26,2025-03-26T15:45:58,CPASF,539387,75668,Aprovado o Requerimento.,1,,,,"Apresentação do REQ n. 4/2025 (Requerimento de Audiência Pública), pelo Deputado Ruy Carneiro (PODE/PB), que ""Requer que seja convidada a Exma. Sra. Macaé Evaristo, Ministra de Estado dos Direitos Humanos e da Cidadania, a comparecer a esta Comissão, a fim de apresentar os planos e a agenda estratégica da Pasta para os próximos anos"".",
2488125-2,2025-03-26,2025-03-26T15:45:38,CPASF,539387,75668,Aprovado o Requerimento.,1,,,,"Apresentação do REQ n. 3/2025 (Requerimento de Audiência Pública), pelo Deputado Ruy Carneiro (PODE/PB), que ""Requer que seja convidado o Exmo. Sr. Wellington Dias, Ministro de Estado do Desenvolvimento e Assistência Social, Família e Combate à Fome, a comparecer a esta Comissão, a fim de apresentar os planos e a agenda estratégica da Pasta para os próximos anos"".",
2488124-2,2025-03-26,2025-03-26T15:45:20,CPASF,539387,75668,Aprovado o Requerimento.,1,,,,"Apresentação do REQ n. 2/2025 (Requerimento de Audiência Pública), pelo Deputado Allan Garcês (PP/MA), que ""Requer a realização de audiência pública nesta Comissão de Previdência, Assistência Social, Infância, Adolescência e Família com o objetivo de discutir e esclarecer acerca do déficit registrado entre janeiro e novembro de 2024 no montante de R$ 14.000.000.000,00 (quatorze bilhões de reais) no Plano 1 da Caixa de Previdência dos Funcionários do Banco do Brasil (PREVI)"".",
2488123-3,2025-03-26,2025-03-26T15:41:42,CPASF,539387,75668,Aprovado o Requerimento.,1,,,,"Apresentação do REQ n. 1/2025 (Requerimento), pela Deputada Clarissa Tércio (PP/PE), que ""Requer Voto de Louvor ao Sacerdote Católico e Cantor Gilson da Silva Pupo Azevedo, mais conhecido como Frei Gilson, por ter alcançado na última quarta-feira (5), um pico de mais de um milhão de espectadores simultâneos, no Youtube, alcançando milhares de famílias brasileiras, no início da quaresma, período que antecede a celebração da Páscoa no cristianismo"".",
2489199-2,2025-03-26,2025-03-26T15:29:57,CLP,5438,75694,Aprovado o Requerimento.,1,,,,"Apresentação do REQ n. 6/2025 (Requerimento de Audiência Pública), pela Deputada Talíria Petrone (PSOL/RJ -Fdr PSOL-REDE), que ""Requer a realização de audiência pública conjunta na Comissão de Direitos Humanos, Minorias e Igualdade Racial e na Comissão de Legislação Participativa, para apresentação do Dossiê 'Violação dos direitos e episódios de violência contra pessoas LGBTI+ de favelas
"".",
2489198-2,2025-03-26,2025-03-26T15:29:46,CLP,5438,75694,"Aprovado o Requerimento, com alteração para incluir representantes dos Ministério do Planejamento e Orçamento e Ministério da Previdência Social",1,,,,"Apresentação do REQ n. 5/2025 (Requerimento de Audiência Pública), pelo Deputado Fred Costa (PRD/MG), que ""Requer a realização de Audiência Pública para discutir a pauta legislativa referente às condições de trabalho, valorização profissional e regulamentação das atividades dos Agentes Comunitários de Saúde (ACS) e Agentes de Combate às Endemias (ACE)"".",
2488767-2,2025-03-26,2025-03-26T15:27:21,CLP,5438,75694,Aprovado o Requerimento.,1,,,,"Apresentação do REQ n. 4/2025 (Requerimento para realização ou participação em Seminário, Visita Técnica ou outro Evento), pelo Deputado Pedro Uczai (PT/SC -Fdr PT-PCdoB-PV), que ""Requer que seja autorizada pela Comissão de Legislação Participativa a realização de um Seminário em Santa Catarina para discutir o Cooperativismo e o Futuro do Brasil"".",
2488766-2,2025-03-26,2025-03-26T15:27:02,CLP,5438,75694,Aprovado o Requerimento.,1,,,,"Apresentação do REQ n. 3/2025 (Requerimento de Audiência Pública), pelo Deputado Pedro Uczai (PT/SC -Fdr PT-PCdoB-PV), que ""Requer que seja autorizada pela Comissão de Legislação Participativa a realização de Audiência Pública para discutir os desafios da regulação das plataformas digitais: proteção de dados pessoais, transparência e combate à desinformação"".",
2488627-2,2025-03-26,2025-03-26T15:25:00,CLP,5438,75694,Aprovado o Requerimento.,1,,,,"Apresentação do REQ n. 2/2025 (Requerimento de Audiência Pública), pelo Deputado Pedro Uczai (PT/SC -Fdr PT-PCdoB-PV), que ""Solicita a realização de audiência pública na Comissão de Legislação  Participativa para debater os  desafios do Plano Nacional de  Políticas para Povos Ciganos e a  importância da aprovação do PL  1.387/2022, que institui o Estatuto  do Povo Cigano "".",
2488533-2,2025-03-26,2025-03-26T15:24:45,CLP,5438,75694,Aprovado o Requerimento.,1,,,,"Apresentação do REQ n. 1/2025 (Requerimento de Audiência Pública), pelos Deputados Talíria Petrone (PSOL/RJ -Fdr PSOL-REDE) e Ivan Valente PSOL, que ""Requer a realização de Seminário pós-29ª Conferência das Partes (COP 29) da Convenção-Quadro de Clima das Nações Unidas em conjunto na Comissão de Meio Ambiente e Desenvolvimento Sustentável e na Comissão de Legislação Participativa. 
"".",
2448690-22,2025-03-26,2025-03-26T15:11:15,CTUR,6066,75664,Aprovado o Parecer.,1,,,2024-12-19T11:57:35,"Parecer do Relator, Dep. Robinson Faria (PL-RN), pela aprovação.",https://dadosabertos.camara.leg.br/api/v2/proposicoes/2481333
2488646-3,2025-03-26,2025-03-26T15:06:05,CTUR,6066,75664,Aprovado o Requerimento.,1,,,,"Apresentação do REQ n. 4/2025 (Requerimento (Outros)), pelo Deputado Marcelo Álvaro Antônio (PL/MG), que ""Requer autorização para utilizar parte da previsão orçamentária mensal definida para esta Comissão, para cobrir, durante o ano de 2025, despesas com coquetéis, coffee breaks e cafés da manhã/da tarde nas ocasiões de realização de mesas redondas, eventos de articulação política ou eventos afins, destinados à discussão de assuntos atinentes ao campo temático ou área de atuação desta Comissão "".",
2488117-4,2025-03-26,2025-03-26T15:03:54,CTUR,6066,75664,Aprovado o Requerimento.,1,,,,"Apresentação do REQ n. 3/2025 (Requerimento de Audiência Pública), pelo Deputado Jorge Goetten (REPUBLIC/SC), que ""Requer reunião de audiência pública para discutir o PL 6151/2023"".",
2487900-3,2025-03-26,2025-03-26T15:00:45,CTUR,6066,75664,Aprovado o Requerimento.,1,,,,"Apresentação do REQ n. 2/2025 (Requerimento de Audiência Pública), pelo Deputado Bibo Nunes (PL/RS), que ""Requer a realização de audiência pública com objetivo de debater o consumo do Programa Emergencial de Retomada do Setor de Eventos – PERSE, com base na DIRBI de abril 2024 a janeiro de 2025"".",
2487899-4,2025-03-26,2025-03-26T14:56:12,CTUR,6066,75664,Aprovado o Requerimento.,1,,,,"Apresentação do REQ n. 1/2025 (Requerimento de Audiência Pública), pelo Deputado Bibo Nunes (PL/RS), que ""Requer que seja convidado o Ministro do Turismo, Sr. Celso Sabino, para apresentar os Planos e Programas do Ministério em  2025 diante da atual conjuntura brasileira"".",
2488745-2,2025-03-26,2025-03-26T14:40:59,CESPO,537236,75669,Aprovado o Requerimento.,1,,,,"Apresentação do REQ n. 21/2025 (Requerimento), pelo Deputado Douglas Viegas (UNIÃO/SP), que ""Requer a realização de audiência pública para discutir o avanço da modalidade esportiva Floorball no território nacional"".",
2488729-2,2025-03-26,2025-03-26T14:40:52,CESPO,537236,75669,Aprovado o Requerimento.,1,,,,"Apresentação do REQ n. 20/2025 (Requerimento), pelo Deputado Douglas Viegas (UNIÃO/SP), que ""Requer a aprovação de Moção de Aplausos e reconhecimento ao judoca brasileiro Rafael Macedo, pela conquista da medalha de bronze da categoria peso médio masculino (90kg) no Grand Slam de Tbilisi, na Geórgia"".",
2488728-2,2025-03-26,2025-03-26T14:40:41,CESPO,537236,75669,Aprovado o Requerimento.,1,,,,"Apresentação do REQ n. 19/2025 (Requerimento), pelo Deputado Douglas Viegas (UNIÃO/SP), que ""Requer a aprovação de Moção de Aplausos e reconhecimento ao judoca brasileiro Michel Natan Felix Augusto, pela conquista das medalhas de prata, no Grand Slam de Tbilisi, na Geórgia; e de bronze, no Grand Prix da Áustria"".",
2488727-2,2025-03-26,2025-03-26T14:40:34,CESPO,537236,75669,Aprovado o Requerimento.,1,,,,"Apresentação do REQ n. 18/2025 (Requerimento), pelo Deputado Douglas Viegas (UNIÃO/SP), que ""Requer a aprovação de Moção de Aplausos e reconhecimento à atleta brasileira Kamilla Cardoso, eleita a melhor jogadora da Liga Chinesa de Basquete Feminino (WCBA)"".",
2488491-2,2025-03-26,2025-03-26T14:40:23,CESPO,537236,75669,Aprovado o Requerimento.,1,,,,"Apresentação do REQ n. 17/2025 (Requerimento de Audiência Pública), pelo Deputado Luiz Lima (PL/RJ), que ""Requer a realização de audiência pública com o objetivo de debater o ciclo olímpico Los Angeles 2028"".",
2488466-2,2025-03-26,2025-03-26T14:40:13,CESPO,537236,75669,Aprovado o Requerimento.,1,,,,"Apresentação do REQ n. 16/2025 (Requerimento de Audiência Pública), pelo Deputado André Figueiredo (PDT/CE), que ""Requer que seja convidado o Ministro do Esporte, Exmo. Sr. André Fufuca,  a fim de prestar informações sobre programas e ações do Ministério do Esporte na sua gestão"".",
2488465-2,2025-03-26,2025-03-26T14:40:05,CESPO,537236,75669,Aprovado o Requerimento.,1,,,,"Apresentação do REQ n. 15/2025 (Requerimento de Audiência Pública), pelo Deputado Luiz Lima (PL/RJ), que ""Requer a realização de audiência pública com o Ministro do Esporte e o Ministro da Educação para debater assuntos de interesse comum entre o esporte e a educação"".",
2488464-2,2025-03-26,2025-03-26T14:39:57,CESPO,537236,75669,Aprovado o Requerimento.,1,,,,"Apresentação do REQ n. 14/2025 (Requerimento de Audiência Pública), pelo Deputado Luiz Lima (PL/RJ), que ""Requer a realização de audiência pública com o objetivo de fazer um balanço da lei 11.438/06 - Lei de Incentivo ao Esporte (LIE)"".",
2488463-2,2025-03-26,2025-03-26T14:39:50,CESPO,537236,75669,Aprovado o Requerimento.,1,,,,"Apresentação do REQ n. 13/2025 (Requerimento de Audiência Pública), pelo Deputado Luiz Lima (PL/RJ), que ""Requer a realização de audiência pública para debater o esporte como meio de socialização, desenvolvimento  e qualidade de vida  para pessoas com espectro autista. "".",
2488460-2,2025-03-26,2025-03-26T14:39:41,CESPO,537236,75669,Aprovado o Requerimento.,1,,,,"Apresentação do REQ n. 12/2025 (Requerimento de Audiência Pública), pela Deputada Laura Carneiro (PSD/RJ), que ""Requer a realização de audiência pública, com a participação do Ministro da Educação, para debater as políticas públicas conjuntas entre educação e esporte. "".",
2488459-2,2025-03-26,2025-03-26T14:39:30,CESPO,537236,75669,Aprovado o Requerimento.,1,,,,"Apresentação do REQ n. 11/2025 (Requerimento (Outros)), pela Deputada Laura Carneiro (PSD/RJ), que ""Requer a realização de audiência pública, na Comissão do Esporte com a participação do Ministro do Esporte André Fufuca, para debater as políticas públicas esportivas.  "".",
2488326-2,2025-03-26,2025-03-26T14:39:23,CESPO,537236,75669,Aprovado o Requerimento.,1,,,,"Apresentação da REQ n. 10/2025 (Requerimento de Moção), pelo Deputado Douglas Viegas (UNIÃO/SP), que ""Requer a aprovação de Voto de Pesar em razão do falecimento do atleta olímpico Wlamir Marques. "".",
2488325-2,2025-03-26,2025-03-26T14:39:15,CESPO,537236,75669,Aprovado o Requerimento.,1,,,,"Apresentação da REQ n. 9/2025 (Requerimento de Moção), pelo Deputado Douglas Viegas (UNIÃO/SP), que ""Requer a aprovação de Voto de Pesar em razão do falecimento do treinador Arthur Leandro Souza Reis"".",
2488324-2,2025-03-26,2025-03-26T14:38:50,CESPO,537236,75669,Aprovado o Requerimento.,1,,,,"Apresentação do REQ n. 8/2025 (Requerimento (Outros)), pela Deputada Laura Carneiro (PSD/RJ), que ""Requer a autorização para realização de serviços de alimentação para eventos realizados pela Comissão do Esporte nos termos dos artigos 24, XIII, e 32, XXIV, do Regimento Interno e do Ato da Mesa nº 80, de 2019"".",
2488225-2,2025-03-26,2025-03-26T14:38:34,CESPO,537236,75669,Aprovado o Requerimento.,1,,,,"Apresentação do REQ n. 7/2025 (Requerimento de Audiência Pública), pela Deputada Flávia Morais (PDT/GO), que ""Requer a realização de audiência pública conjunta na Comissão de Defesa dos Direitos da Mulher e na Comissão do Esporte para discutir o papel dos clubes de futebol na formação de seus atletas, sob a perspectiva de atuação no combate e prevenção da violência contra a mulher"".",
2488191-2,2025-03-26,2025-03-26T14:36:49,CESPO,537236,75669,Aprovado o Requerimento.,1,,,,"Apresentação do REQ n. 4/2025 (Requerimento de Audiência Pública), pela Deputada Flávia Morais (PDT/GO), que ""Requer a realização de audiência pública na Comissão do Esporte para discutir parcerias público privadas para financiar infraestrutura de centros de treinamento de excelência para atletas de alto rendimento"".",
2488190-2,2025-03-26,2025-03-26T14:36:40,CESPO,537236,75669,Aprovado o Requerimento.,1,,,,"Apresentação do REQ n. 3/2025 (Requerimento de Audiência Pública), pela Deputada Flávia Morais (PDT/GO), que ""Requer a realização de audiência pública na Comissão do Esporte para discutir a discriminação no esporte e propostas de melhoria das políticas de inclusão. "".",
2488189-2,2025-03-26,2025-03-26T14:35:20,CESPO,537236,75669,Aprovado o Requerimento.,1,,,,"Apresentação do REQ n. 2/2025 (Requerimento (Outros)), pelo Deputado Dr. Luiz Ovando (PP/MS), que ""Requer a realização do VIII Concurso de Artigos Científicos sobre Esporte da Comissão do Esporte da Câmara dos Deputados. 

"".",
2488614-4,2025-03-26,2025-03-26T14:31:21,CSAUDE,2014,75348,"Aprovado o Requerimento, com alteração. Aprovada a inclusão de representante da Associação Médica Brasileira (AMB), apresentada pela Deputada Jandira Feghali, a pedido da Deputada Ana Paula Lima.",1,,,,"Apresentação do REQ n. 30/2025 (Requerimento de Audiência Pública), pela Deputada Ana Paula Lima (PT/SC -Fdr PT-PCdoB-PV), que ""Requer a realização de audiência pública para debater e promover a conscientização sobre a importância da realização de procedimentos estéticos em locais devidamente registrados e por profissionais qualificados"".",
2488273-4,2025-03-26,2025-03-26T14:26:45,CSAUDE,2014,75348,Aprovado o Requerimento.,1,,,,"Apresentação do REQ n. 24/2025 (Requerimento de Audiência Pública), pelo Deputado Bruno Farias (AVANTE/MG), que ""Requer a realização de audiência pública para discutir sobre a valorização dos profissionais da enfermagem"".",
2487656-4,2025-03-26,2025-03-26T14:25:39,CSAUDE,2014,75348,"Aprovado o Requerimento, com alteração. Acordo para a criação de uma única subcomissão de combate ao câncer.",1,,,,"Apresentação do REQ n. 5/2025 (Requerimento), pela Deputada Flávia Morais (PDT/GO), que ""Requer a criação da Subcomissão Especial de Prevenção e Controle do Câncer - SUBCANCER"".",
2488847-2,2025-03-26,2025-03-26T13:37:43,CIDOSO,537871,75660,"Aprovado o Requerimento, com a subscrição dos Deputados Alexandre Lindenmeyer (PT-RS) e Eriberto Medeiros (PSB-PE).",1,,,,"Apresentação do REQ n. 8/2025 (Requerimento), pelo Deputado Zé Silva (SOLIDARI/MG), que ""Requer autorização para utilizar recursos da previsão orçamentária mensal da Comissão no custeio de despesas com serviços de alimentação em reuniões técnicas, mesas redondas e cerimônias agendadas além da recepção de autoridades convidadas pela Comissão de Defesa dos Direitos da Pessoa Idosa"".",
2488744-2,2025-03-26,2025-03-26T13:37:17,CIDOSO,537871,75660,"Aprovado o Requerimento, com a subscrição do Deputado Eriberto Medeiros (PSB-PE)",1,,,,"Apresentação do REQ n. 7/2025 (Requerimento), pelos Deputados Luiz Couto (PT/PB -Fdr PT-PCdoB-PV) e Alexandre Lindenmeyer PT, que ""Requer a realização, pela Comissão de Defesa da Pessoa Idosa, de diligências emergenciais e reuniões em localidades do país onde a presença urgente da Comissão se faça necessária para o cumprimento das atribuições regimentais, em caso de violações e ameaças graves aos direitos da pessoa idosa. O requerimento também abrange o monitoramento de políticas públicas voltadas para a população idosa e o acompanhamento das ações dos conselhos de direitos das pessoas idosas em âmbito nacional, estadual e municipal"".",
2488743-2,2025-03-26,2025-03-26T13:37:01,CIDOSO,537871,75660,"Aprovado o Requerimento, com a subscrição do Deputado Eriberto Medeiros (PSB-PE)",1,,,,"Apresentação do REQ n. 6/2025 (Requerimento de Audiência Pública), pelos Deputados Luiz Couto (PT/PB -Fdr PT-PCdoB-PV) e Alexandre Lindenmeyer PT, que ""Requer a realização de audiência pública na Comissão de Defesa dos Direitos da Pessoa Idosa (Cidoso) para debater o analfabetismo nessa faixa etária e suas formas de combate"".",
2488741-2,2025-03-26,2025-03-26T13:36:51,CIDOSO,537871,75660,"Aprovado o Requerimento, com a subscrição do Deputado Eriberto Medeiros (PSB-PE)",1,,,,"Apresentação do REQ n. 5/2025 (Requerimento de Audiência Pública), pelos Deputados Luiz Couto (PT/PB -Fdr PT-PCdoB-PV) e Alexandre Lindenmeyer PT, que ""Requer a realização de reunião de audiência pública com o tema Promoção de envelhecimento: como garantir qualidade de vida às pessoas idosas nos próximos 45 anos? ”"".",
2488740-2,2025-03-26,2025-03-26T13:36:33,CIDOSO,537871,75660,"Aprovado o Requerimento, com a subscrição do Deputado Eriberto Medeiros (PSB-PE)",1,,,,"Apresentação do REQ n. 4/2025 (Requerimento de Audiência Pública), pelos Deputados Luiz Couto (PT/PB -Fdr PT-PCdoB-PV) e Alexandre Lindenmeyer PT, que ""Requer a realização de reunião de audiência pública com o tema “Estratégia de Integração das Políticas de Saúde, Educação, Esporte, Assistência Social, Direitos Humanos e Cultura para a Promoção da Equidade e o Envelhecimento ativo e saudável para todos os povos”"".",
2488739-2,2025-03-26,2025-03-26T13:36:19,CIDOSO,537871,75660,"Aprovado o Requerimento, com a subscrição do Deputado Eriberto Medeiros (PSB-PE)",1,,,,"Apresentação do REQ n. 3/2025 (Requerimento de Audiência Pública), pelos Deputado(a)s Luiz Couto (PT-PB) e Alexandre Lindenmeyer (PT-RS), que: ""Requer a realização de audiência pública na Comissão de Defesa dos Direitos da Pessoa Idosa (Cidoso) para para debater as causas da desnutrição entre pessoas idosas no Brasil"".",
2488428-2,2025-03-26,2025-03-26T13:36:00,CIDOSO,537871,75660,"Aprovado o Requerimento, com a subscrição dos Deputados Alexandre Lindenmeyer (PT-RS) e Eriberto Medeiros (PSB-PE).",1,,,,"Apresentação do REQ n. 2/2025 (Requerimento de Audiência Pública), pelo Deputado Aureo Ribeiro (SOLIDARI/RJ), que ""Requer a realização de Audiência Pública para discutir os problemas enfrentados pela população idosa junto aos planos de saúde"".",
2488104-3,2025-03-26,2025-03-26T13:35:38,CIDOSO,537871,75660,"Aprovado o Requerimento, com a subscrição dos Deputados Alexandre Lindenmeyer (PT-RS) e Eriberto Medeiros (PSB-PE)",1,,,,"Apresentação do REQ n. 1/2025 (Requerimento de Audiência Pública), pela Deputada Flávia Morais (PDT/GO), que ""Requer a realização de Audiência Pública conjunta na CIDOSO e CSAUDE com o objetivo de debater a saúde mental dos idosos e as realidades de atendimento nas Instituições de Longa Permanência para Idosos (ILPIs), sob a perspectiva da saúde"".",
2488094-4,2025-03-26,2025-03-26T12:53:17,CCTI,2002,75643,Aprovado o Requerimento.,1,,,,"Apresentação do REQ n. 2/2025 (Requerimento), pelo Deputado Ricardo Barros (PP/PR), que ""Requer autorização para utilizar parte da previsão orçamentária mensal definida para esta Comissão, para cobrir, durante o ano de 2025, despesas com coquetéis, coffee breaks e cafés da manhã/da tarde nas ocasiões de realização de mesas redondas, eventos de articulação política ou eventos afins, destinados à discussão de assuntos atinentes ao campo temático ou área de atuação desta Comissão "".",
2488592-3,2025-03-26,2025-03-26T12:32:57,CDC,2004,75327,Aprovado em votação simbólica o Requerimento.,1,Prejudicado o requerimento de retirada de pauta em virtude de aprovação da Inversão de Pauta.,2025-03-26T12:27:28,,"Apresentação do REQ n. 10/2025 (Requerimento de Audiência Pública), pelo Deputado Aureo Ribeiro (SOLIDARI/RJ), que ""Requer a realização de audiência pública para debater mudanças em regras de direitos dos consumidores, aprovadas em 2023, definidas pela Agência Nacional de Telecomunicações (Anatel)"".",
2488677-2,2025-03-26,2025-03-26T12:29:09,CREDN,2018,75679,Subscrito pelos Deputados Mário Frias (PL/SP) e Silvia Waiãpi (PL/AP). Aprovado o Requerimento.,1,,,,"Apresentação do REQ n. 6/2025 (Requerimento de Audiência Pública), pela Deputada Julia Zanatta (PL/SC), que ""Solicita a realização de audiência pública para discutir a Política de Promoção da Agenda 2030 para o Desenvolvimento Sustentável (“Política de Promoção da Agenda 2030”)"".",
2488670-2,2025-03-26,2025-03-26T12:23:11,CREDN,2018,75679,Aprovado o Requerimento.,1,,,,"Apresentação da REQ n. 5/2025 (Requerimento de Moção), pelos Deputados Zucco (PL/RS) e Mario Frias PL, que ""Requer a aprovação de Moção de Louvor ao Deputado Federal Eduardo Bolsonaro, em reconhecimento à sua destacada atuação na defesa dos interesses nacionais e da democracia brasileira no cenário internacional, denunciando os abusos de autoridade e a perseguição política existente em nosso país
"".",
2488091-6,2025-03-26,2025-03-26T12:19:02,CCTI,2002,75643,Aprovado o Requerimento.,1,,,,"Apresentação do REQ n. 1/2025 (Requerimento de Audiência Pública), pelo Deputado Ricardo Barros (PP/PR), que ""Requer a realização de Audiência Pública com a Ministra da Ciência, Tecnologia e Inovação para apresentar o planejamento das ações do Ministério para o ano de 2025 e expor as realizações e resultados alcançados pela pasta em 2024"".",
2488155-4,2025-03-26,2025-03-26T12:13:50,CDC,2004,75327,"Aprovado o Requerimento, com alteração para incluir representante da Secretaria Nacional de Defesa do Consumidor-Senacon; da Associação Brasileira de da Empresas de Benefícios ao Trabalhador-ABBT; da Câmara Brasileira de Benefícios do Trabalhador- CBBT e da Associação Brasileira de Supermercado-Abras.",1,,,,"Apresentação do REQ n. 2/2025 (Requerimento de Audiência Pública), pelo Deputado Aureo Ribeiro (SOLIDARI/RJ), que ""Requer a realização de audiência pública para debater as práticas de cobrança de taxas e a possível configuração de abuso de poder econômico por parte da empresa iFood, considerando seus impactos negativos sobre pequenos comerciantes e consumidores"".",
2488637-2,2025-03-26,2025-03-26T12:10:59,CSAUDE,2014,75348,Aprovado o Requerimento.,1,,,,"Apresentação do REQ n. 33/2025 (Requerimento de Audiência Pública), pelo Deputado Dr. Zacharias Calil (UNIÃO/GO), que ""Requer a realização de Audiência Pública com o objetivo de discutir o tema: “Acondroplasia: desafios e oportunidades no tratamento.”"".",
2488153-4,2025-03-26,2025-03-26T12:04:36,CDC,2004,75327,"Aprovado o Requerimento, com alteração para incluir representante da Secretaria Nacional de Defesa do Consumidor - Senacon, da Coca Cola, Luciana Batista, e do Livre Mercado, Rodrigo Saraiva Marinho.",1,,,,"Apresentação do REQ n. 1/2025 (Requerimento de Audiência Pública), pelo Deputado Aureo Ribeiro (SOLIDARI/RJ), que ""Requer a realização de audiência pública para debater a possível configuração de abuso de poder econômico por parte da empresa Ambev"".",
2488605-3,2025-03-26,2025-03-26T11:52:05,CCTI,2002,75643,Aprovado o Requerimento.,1,,,,"Apresentação do REQ n. 4/2025 (Requerimento de Audiência Pública), pela Deputada Daiana Santos (PCdoB/RS -Fdr PT-PCdoB-PV), que ""Requer a realização de audiência pública com a Ministra de Estado da Ciência, Tecnologia e Inovação (MCTI), Senhora Luciana Santos, para apresentar os resultados das ações da pasta em 2024, e as propostas de políticas públicas de Ciência, Tecnologia e Inovação para 2025. Bem como, debater a contribuição do parlamento brasileiro para o Sistema Nacional de Ciência, Tecnologia e Inovação (SNCTI)"".",
2488529-4,2025-03-26,2025-03-26T11:51:27,CCTI,2002,75643,Aprovado o Requerimento.,1,,,,"Apresentação do REQ n. 3/2025 (Requerimento de Audiência Pública), pelo Deputado Márcio Jerry (PCdoB/MA -Fdr PT-PCdoB-PV), que ""Requer a realização de audiência pública com a Ministra de Estado da Ciência, Tecnologia e Inovação (MCTI), Senhora Luciana Santos, para apresentar os resultados das ações da pasta em 2024, e as propostas de políticas públicas de Ciência, Tecnologia e Inovação para 2025. Bem como, debater a contribuição do parlamento brasileiro para o Sistema Nacional de Ciência, Tecnologia e Inovação (SNCTI)"".",
2488769-4,2025-03-26,2025-03-26T11:45:55,CCTI,2002,75643,Aprovado o Requerimento.,1,,,,"Apresentação do REQ n. 5/2025 (Requerimento para realização ou participação em Seminário, Visita Técnica ou outro Evento), pelo Deputado Pedro Uczai (PT/SC -Fdr PT-PCdoB-PV), que ""Requer que seja autorizada pela Comissão de Ciência, Tecnologia e Inovação a realização de até três Seminários em Santa Catarina para discutir os desafios e oportunidades da Ciência, Tecnologia e Inovação em Santa Catarina"".",
2489014-4,2025-03-26,2025-03-26T11:41:34,CDC,2004,75327,Aprovado o Requerimento.,1,,,,"Apresentação do REQ n. 11/2025 (Requerimento de Audiência Pública), pela Deputada Julia Zanatta (PL/SC), que ""Solicita seja convidado o Diretor Geral da Agência Nacional de Transporte Terrestre, senhor Guilherme Theo Rodrigues da Rocha Sampaio, a fim de prestar esclarecimentos a esta Comissão sobre as providências adotadas em relação às longas filas e tempo excessivo de espera nos pedágios administrados pelas concessionárias de rodovias federais no Estado de Santa Catarina"".",
2392001-45,2025-03-26,2025-03-26T11:35:34,CDC,2004,75327,Aprovado o Parecer.,1,Rejeitado o Requerimento de Adiamento de Votação em votação simbólica,2025-03-26T11:35:00,2025-01-29T15:40:55,"Parecer da Relatora, Dep. Gisela Simona (UNIÃO-MT), pela aprovação, com substitutivo.",https://dadosabertos.camara.leg.br/api/v2/proposicoes/2477546
2488579-2,2025-03-26,2025-03-26T11:34:34,CMADS,6174,75659,Aprovado o Requerimento.,1,,,,"Apresentação do REQ n. 15/2025 (Requerimento de Audiência Pública), pelo Deputado Nilto Tatto (PT/SP -Fdr PT-PCdoB-PV), que ""Requer audiência pública a ser realizada na Comissão de Meio Ambiente e Desenvolvimento Sustentável para que seja debatido o relatório 'O retrato da qualidade da água nas bacias hidrográficas da Mata Atlântica' produzido pela SOS Mata Atlântica. "".",
2488514-2,2025-03-26,2025-03-26T11:34:34,CMADS,6174,75659,"Aprovado o Requerimento. Subscrito pelos Deputados Coronel Chrisóstomo, Túlio Gadelha e Duda Salabert",1,,,,"Apresentação do REQ n. 14/2025 (Requerimento (Outros)), pelo Deputado(a) Evair Vieira de Melo (PP-ES), que: ""Requer convite à Senhora Marina Silva, Ministra de Estado do Meio Ambiente e Mudança do Clima do Brasil, para informar sobre as prioridades da pasta para o ano de 2025"".",
2488462-2,2025-03-26,2025-03-26T11:34:34,CMADS,6174,75659,Aprovado o Requerimento. Subscrito pela Deputada Tabata Amaral,1,,,,"Apresentação do REQ n. 13/2025 (Requerimento de Audiência Pública), pelas Deputadas Ivan Valente (PSOL/SP -Fdr PSOL-REDE) e Talíria Petrone PSOL, que ""Requer a realização de Seminário pós-29ª Conferência das Partes (COP 29) da Convenção-Quadro de Clima das Nações Unidas em conjunto na Comissão de Meio Ambiente e Desenvolvimento Sustentável e na Comissão de Legislação Participativa. "".",
2488389-2,2025-03-26,2025-03-26T11:34:33,CMADS,6174,75659,Aprovado o Requerimento.,1,,,,"Apresentação do REQ n. 12/2025 (Requerimento de Audiência Pública), pela Deputada Geovania de Sá (PSDB/SC -Fdr PSDB-CIDADANIA), que ""Requer a realização de Audiência Pública para debater a situação da Área de Proteção Ambiental da Baleia Franca - APABF, no Estado de Santa Catarina
"".",
2488105-2,2025-03-26,2025-03-26T11:34:33,CMADS,6174,75659,Aprovado o Requerimento.,1,,,,"Apresentação do REQ n. 9/2025 (Requerimento de Audiência Pública), pela Deputado(a)a Elcione Barbalho (MDB-PA), que: ""Requer a realização de Audiência Pública, conjunta com a Comissão de Desenvolvimento Econômico, para discutir e debater o PL nº 4958/2023, que “Cria a Zona Franca da Bioeconomia”.

"".",
2487843-2,2025-03-26,2025-03-26T11:34:23,CMADS,6174,75659,"Aprovado o Requerimento. Subscrito pelos Deputados Túlio Gadelha, Duda Salabert e Fernando Mineiro",1,,,,"Apresentação do REQ n. 7/2025 (Requerimento (Outros)), pelo Deputado Leônidas Cristino (PDT/CE), que ""Requer a criação e constituição de Subcomissão Especial, no âmbito desta Comissão de Meio Ambiente e Desenvolvimento Sustentável, para tratar sobre o bioma Caatinga"".",
2487837-2,2025-03-26,2025-03-26T11:34:23,CMADS,6174,75659,"Aprovado o Requerimento. Subscrito pelos Deputados Ivan Valente, Tabata Amaral, Leônidas Cristino e Pedro Aihara",1,,,,"Apresentação do REQ n. 6/2025 (Requerimento (Outros)), pelo Deputado Túlio Gadêlha (REDE/PE -Fdr PSOL-REDE), que ""Requer a criação e constituição de Subcomissão Especial, no âmbito desta Comissão de Meio Ambiente e Desenvolvimento Sustentável, para tratar sobre a Conferência das Nações Unidas sobre Mudanças Climáticas (COP30) que acontecerá de 10 a 21 de novembro de 2025, na cidade de Belém-Pará"".",
2487834-2,2025-03-26,2025-03-26T11:34:23,CMADS,6174,75659,Aprovado o Requerimento. Subscrito pelo Deputado Bruno Ganem,1,,,,"Apresentação do REQ n. 5/2025 (Requerimento de Audiência Pública), pela Deputada Socorro Neri (PP/AC), que ""Requer a realização de Audiência Pública para discutir a justiça climática e suas implicações para as populações mais vulneráveis no Brasil"".",
2487832-2,2025-03-26,2025-03-26T11:34:23,CMADS,6174,75659,Aprovado o Requerimento.,1,,,,"Apresentação do REQ n. 4/2025 (Requerimento de Audiência Pública), pela Deputada Duda Salabert (PDT/MG), que ""Solicita a realização de Audiência Pública no âmbito da Comissão de Meio Ambiente e Desenvolvimento Sustentável para debater a presença de substâncias per e polifluoroalquil (PFAS) nas águas"".",
2487827-2,2025-03-26,2025-03-26T11:34:22,CMADS,6174,75659,Aprovado o Requerimento. Subscrito pelos Deputados Bruno Ganem e Nilto Tatto,1,,,,"Apresentação do REQ n. 3/2025 (Requerimento de Audiência Pública), pela Deputada Socorro Neri (PP/AC), que ""Requer a realização de Audiência Pública para discutir o impacto dos incêndios nas emissões de gases de efeito estufa, a eficácia das ações de combate e prevenção, e as reformas legislativas ou políticas que podem ser preventivas para enfrentar esse desafio climático"".",
2487813-2,2025-03-26,2025-03-26T11:34:07,CMADS,6174,75659,"Aprovado o Requerimento. Subscrito pelos Deputados Ivan Valente, Coronel Chrisóstomo, Tabata Amaral, Leônidas Cristino, Pedro Aihara e Fernando Mineiro",1,,,,"Apresentação do REQ n. 1/2025 (Requerimento (Outros)), pela Deputada Duda Salabert (PDT/MG), que ""Requer a criação da Subcomissão Especial da COP-30 no âmbito da Comissão de Meio Ambiente e Desenvolvimento Sustentável. "".",
2488048-2,2025-03-26,2025-03-26T11:33:55,CMADS,6174,75659,"Aprovado o Requerimento, com alteração para incluir o Ministério Público do Trabalho, a pedido do Deputado Nilto Tatto.",1,,,,"Apresentação do REQ n. 8/2025 (Requerimento de Audiência Pública), pelo Deputado Nilto Tatto (PT/SP -Fdr PT-PCdoB-PV), que ""Requer audiência pública conjunta a ser realizada na Comissão de Meio Ambiente e Desenvolvimento Sustentável e na Comissão de Defesa do Consumidor para que seja debatido o “Dossiê Danos dos Agrotóxicos na Saúde Reprodutiva: conhecer e agir em defesa da vida” produzido pela Associação Brasileira de Saúde Coletiva em 2024"".",
2487819-2,2025-03-26,2025-03-26T11:33:01,CMADS,6174,75659,"Aprovado o Requerimento, com alteração para incluir a Associação Brasileira de Bioinovação, a pedido do Deputado Túlio Gadelha e o Ministério do Desenvolvimento Agrário e Agricultura Familiar, a pedido do Deputado Nilto Tatto. Subscrito pelos Deputados Bruno Ganem, Coronel Chrisóstomo, Túlio Gadelha, Duda Salabert e Nilto Tatto",1,,,,"Apresentação do REQ n. 2/2025 (Requerimento de Audiência Pública), pela Deputada Socorro Neri (PP/AC), que ""Requer a realização de Audiência Pública para debater a importância e o potencial das proteínas alternativas e da produção sustentável de alimentos para enfrentar os desafios globais relacionados à segurança alimentar e nutrição, desenvolvimento socioeconômico e mitigação dos efeitos da crise climática"".",
2487864-2,2025-03-26,2025-03-26T11:25:09,CREDN,2018,75679,"Subscrito pelos Deputados Dr. Frederico (PRD/MG), José Rocha (União/BA), Mário Frias (PL/RJ), Silvia Waiãpi (PL/AP) e Zucco (PL/RS). Aprovado o Requerimento.",1,,,,"Apresentação do REQ n. 2/2025 (Requerimento (Outros)), pelo Deputado(a) Filipe Barros (PL-PR), que: ""Requer, nos termos regimentais, a realização de audiência pública, com a presença do Excelentíssimo Ministro de Estado das Relações Exteriores, para apresentar as prioridades da pasta para o ano em curso. Reunião de comparecimento realizada em 28/05/2025"".",
2487863-2,2025-03-26,2025-03-26T11:24:31,CREDN,2018,75679,"Subscrito pelos Deputados Dr. Frederico (PRD/MG), José Rocha (União/BA), Mário Frias (PL/RJ), Silvia Waiãpi (PL/AP) e Zucco (PL/RS). Aprovado o Requerimento.",1,,,,"Apresentação do REQ n. 1/2025 (Requerimento (Outros)), pelo Deputado Filipe Barros (PL/PR), que ""
Requer, nos termos regimentais, a realização de audiência pública com a presença do Excelentíssimo Ministro de Estado da Defesa, para apresentar as prioridades da pasta para o ano em curso. 
"".",
2480444-4,2025-03-26,2025-03-26T11:20:41,CDC,2004,75327,Aprovado o Requerimento.,1,,,,"Apresentação do REQ n. 71/2024 (Requerimento de Audiência Pública), pela Deputada Julia Zanatta (PL/SC), que ""Requer o aditamento do Req. 59/2024 para inclusão de convidado na audiência pública para instrução do PL nº 3341/2024, que trata da proibição da extinção do papel moeda em substituição à moeda digital"".",
2441597-22,2025-03-26,2025-03-26T11:20:38,CVT,2016,75647,Aprovado o Parecer.,1,,,2024-10-16T14:14:09,"Parecer do Relator, Dep. Gilberto Abramo (REPUBLIC-MG), pela rejeição.",https://dadosabertos.camara.leg.br/api/v2/proposicoes/2462763
2314323-39,2025-03-26,2025-03-26T11:17:39,CVT,2016,75647,Aprovado o Parecer.,1,,,2025-03-26T10:28:02,"Parecer da Relatora, Dep. Helena Lima (MDB-RR), pela aprovação, com emenda.",https://dadosabertos.camara.leg.br/api/v2/proposicoes/2489817
2489291-2,2025-03-26,2025-03-26T11:12:15,CREDN,2018,75679,Aprovado o Requerimento.,1,,,,"Apresentação do REQ n. 10/2025 (Requerimento), pelo Deputado Sóstenes Cavalcante (PL/RJ), que ""Requer que seja submetido à deliberação do Plenário desta Comissão, nos termos regimentais, o convite ao Senhor Michael Benz, ex-funcionário do Departamento de Estado dos EUA, para falar sobre a interferência da Agência dos Estados Unidos para o Desenvolvimento Internacional – USAID no Brasil"".",
2488630-3,2025-03-26,2025-03-26T11:10:55,CVT,2016,75647,Aprovado o Requerimento.,1,,,,"Apresentação do REQ n. 7/2025 (Requerimento), pelo Deputado Jonas Donizette (PSB/SP), que ""Requer, nos termos do art. 29, II, do Regimento Interno da Câmara dos Deputados, a criação de Subcomissão Especial de Acompanhamento, Fiscalização e Controle das Obras para a Construção do Trem Intercidades (TIC), no âmbito da Comissão de Viação e Transportes - CVT. "".",
2488748-2,2025-03-26,2025-03-26T11:07:18,CSAUDE,2014,75348,Aprovado o Requerimento.,1,,,,"Apresentação do REQ n. 36/2025 (Requerimento), pela Deputada Silvia Cristina (PP/RO), que ""Requer o envio de requerimento de informação ao Ministério da Saúde quanto ao financiamento dos medicamentos propostos no Protocolo Clínico e Diretrizes Terapêuticas do Câncer de Mama.  "".",
2488702-2,2025-03-26,2025-03-26T11:07:08,CSAUDE,2014,75348,Aprovado o Requerimento.,1,,,,"Apresentação do REQ n. 35/2025 (Requerimento), pelo Deputado Geraldo Resende (PSDB/MS -Fdr PSDB-CIDADANIA), que ""Sugere ao Ministério da Saúde a inclusão no SUS do exame de mapeamento genético para pesquisa de mutações em genes relacionados a trombofilias hereditárias"".",
2488701-2,2025-03-26,2025-03-26T11:06:59,CSAUDE,2014,75348,Aprovado o Requerimento.,1,,,,"Apresentação do REQ n. 34/2025 (Requerimento de Audiência Pública), pela Deputada Iza Arruda (MDB/PE), que ""Requer a realização de audiência pública para debater a importância da assistência fisioterapêutica nos serviços de saúde em que se realizam partos.

"".",
2488636-2,2025-03-26,2025-03-26T11:06:01,CSAUDE,2014,75348,Aprovado o Requerimento.,1,,,,"Apresentação do REQ n. 32/2025 (Requerimento de Audiência Pública), pelo Deputado Dr. Zacharias Calil (UNIÃO/GO), que ""Requer a realização de Audiência Pública com o objetivo de discutir o tema: “A Invisibilidade das Crianças Traqueostomizadas no Brasil.”
"".",
2488633-2,2025-03-26,2025-03-26T11:03:06,CSAUDE,2014,75348,Aprovado o Requerimento.,1,,,,"Apresentação do REQ n. 31/2025 (Requerimento), pelo Deputado Dorinaldo Malafaia (PDT/AP), que ""Requer a realização de audiência pública para debater acerca da necessidade do fortalecimento das estratégias da obrigatoriedade das notificações compulsórias de acidentes de trabalho e das possíveis sub notificações pelos serviços de saúde público e privado. "".",
2488613-2,2025-03-26,2025-03-26T11:03:05,CSAUDE,2014,75348,Aprovado o Requerimento.,1,,,,"Apresentação do REQ n. 29/2025 (Requerimento de Audiência Pública), pelo Deputado Padre João (PT/MG -Fdr PT-PCdoB-PV), que ""Requer a realização de Audiência Pública nesta Comissão para debater a Justiça Terapêutica"".",
2488603-2,2025-03-26,2025-03-26T11:03:05,CSAUDE,2014,75348,Aprovado o Requerimento.,1,,,,"Apresentação do REQ n. 28/2025 (Requerimento de Audiência Pública), pelo Deputado Padre João (PT/MG -Fdr PT-PCdoB-PV), que ""Requer a realização de Audiência Pública nesta Comissão para debater a adesão e a permanência dos municípios ao Sistema Nacional de Segurança Alimentar e Nutricional (SISAN), em conformidade ao disposto na Resolução CAISAN nº 7, de 26 de julho de 2024"".",
2488602-2,2025-03-26,2025-03-26T11:03:05,CSAUDE,2014,75348,Aprovado o Requerimento.,1,,,,"Apresentação do REQ n. 27/2025 (Requerimento de Audiência Pública), pelo Deputado Padre João (PT/MG -Fdr PT-PCdoB-PV), que ""Requer a realização de Audiência Pública nesta Comissão para a avaliação dos resultados e debate quanto aos aprimoramentos do Programa Nacional de Alimentação Escolar (PNAE)"".",
2488595-2,2025-03-26,2025-03-26T11:03:05,CSAUDE,2014,75348,Aprovado o Requerimento.,1,,,,"Apresentação do REQ n. 26/2025 (Requerimento para realização ou participação em Seminário, Visita Técnica ou outro Evento), pelo Deputado Padre João (PT/MG -Fdr PT-PCdoB-PV), que ""Requer a realização de Seminário nesta Comissão para a promoção de debate e celebração alusivos ao Dia Mundial da Alimentação (16/10) e em homenagem à Organização das Nações Unidas para a Alimentação e Agricultura (FAO).

"".",
2488458-2,2025-03-26,2025-03-26T11:03:04,CSAUDE,2014,75348,Aprovado o Requerimento.,1,,,,"Apresentação do REQ n. 25/2025 (Requerimento de Audiência Pública), pelo Deputado Jorge Solla (PT/BA -Fdr PT-PCdoB-PV), que ""Requer aditamento ao REQ nº 19/2025 para debater sobre a evolução dos fatores de risco para as doenças crônicas não transmissíveis"".",
2460024-23,2025-03-26,2025-03-26T11:02:47,CVT,2016,75647,Aprovado o Parecer.,1,,,2025-03-25T14:08:32,"Parecer do Relator, Dep. Ricardo Ayres (REPUBLIC-TO), pela aprovação, com emenda.",https://dadosabertos.camara.leg.br/api/v2/proposicoes/2488978
2488257-2,2025-03-26,2025-03-26T11:02:33,CSAUDE,2014,75348,Aprovado o Requerimento.,1,,,,"Apresentação do REQ n. 23/2025 (Requerimento de Audiência Pública), pelo Deputado Eduardo da Fonte (PP/PE), que ""Requer que seja realizada reunião de audiência pública para discutir com o Ministério da Saúde a utilização de aparelhos de cobaltoterapia e aparelhos com tecnologia obsoleta para tratamento de câncer no SUS"".",
2488253-2,2025-03-26,2025-03-26T11:02:33,CSAUDE,2014,75348,Aprovado o Requerimento.,1,,,,"Apresentação do REQ n. 22/2025 (Requerimento de Audiência Pública), pelo Deputado Bruno Farias (AVANTE/MG), que ""Requer a realização de audiência pública para discutir sobre os atrasos nos pagamentos e descontos indevidos realizados sobre o piso nacional da enfermagem"".",
2488250-2,2025-03-26,2025-03-26T11:02:32,CSAUDE,2014,75348,Aprovado o Requerimento.,1,,,,"Apresentação do REQ n. 21/2025 (Requerimento de Audiência Pública), pelo Deputado Eduardo da Fonte (PP/PE), que ""Requer que seja realizada reunião de audiência pública para discutir com a ANS as recomendações de que o exame de mamografia seja realizado em mulheres acima dos 50 anos"".",
2488226-3,2025-03-26,2025-03-26T11:02:32,CSAUDE,2014,75348,Aprovado o Requerimento.,1,,,,"Apresentação do REQ n. 20/2025 (Requerimento de Audiência Pública), pelo Deputado Dr. Ismael Alexandrino (PSD/GO), que ""Requer a realização de Audiência Pública para debater a valorização dos agentes comunitários de saúde (ACS) e agentes de combate a endemias (ACE)"".",
2488195-3,2025-03-26,2025-03-26T11:02:32,CSAUDE,2014,75348,Aprovado o Requerimento.,1,,,,"Apresentação do REQ n. 25/2025 (Requerimento de Audiência Pública), pelo Deputado Jorge Solla (PT/BA -Fdr PT-PCdoB-PV), que ""Requer aditamento ao REQ nº 19/2025 para debater sobre a evolução dos fatores de risco para as doenças crônicas não transmissíveis"".",https://dadosabertos.camara.leg.br/api/v2/proposicoes/2488458
2488138-2,2025-03-26,2025-03-26T11:02:31,CSAUDE,2014,75348,Aprovado o Requerimento.,1,,,,"Apresentação do REQ n. 18/2025 (Requerimento de Audiência Pública), pelo Deputado Dr. Ismael Alexandrino (PSD/GO), que ""Requer a realização de Audiência Pública para debater a Linha de Cuidado ao Trauma no Brasil: Trauma – uma doença negligenciada"".",
2488137-2,2025-03-26,2025-03-26T11:02:31,CSAUDE,2014,75348,Aprovado o Requerimento.,1,,,,"Apresentação do REQ n. 17/2025 (Requerimento de Audiência Pública), pela Deputada Adriana Ventura (NOVO/SP), que ""Requer a realização de audiência pública para debater sobre a regulação da medicina nuclear no Brasil"".",
2488136-2,2025-03-26,2025-03-26T11:02:31,CSAUDE,2014,75348,Aprovado o Requerimento.,1,,,,"Apresentação do REQ n. 16/2025 (Requerimento de Audiência Pública), pela Deputada Adriana Ventura (NOVO/SP), que ""Requer a realização de audiência pública para debater o PL 5164/2023, que dispõe sobre a correção dos valores de referência da Tabela de Procedimentos, Medicamentos, Órteses, Próteses e Materiais Especiais do Sistema Único de Saúde relacionados ao Tratamento Fora do Domicílio"".",
2488135-2,2025-03-26,2025-03-26T11:02:31,CSAUDE,2014,75348,Aprovado o Requerimento.,1,,,,"Apresentação do REQ n. 15/2025 (Requerimento de Audiência Pública), pelo Deputado Jorge Solla (PT/BA -Fdr PT-PCdoB-PV), que ""Requer a realização de Audiência Pública para debater a instituição do Dia do Protagonismo do Paciente"".",
2488116-2,2025-03-26,2025-03-26T11:01:59,CSAUDE,2014,75348,Aprovado o Requerimento.,1,,,,"Apresentação do REQ n. 14/2025 (Requerimento), pela Deputada Flávia Morais (PDT/GO), que ""Requer o envio de Indicação ao Poder Executivo, relativa à inclusão de bicicletas elétricas como equipamentos de saúde para Agentes Comunitários de Saúde (ACS) e Agentes de Combate às Endemias (ACE)"".",
2390606-27,2025-03-26,2025-03-26T11:01:56,CVT,2016,75647,Aprovado o Parecer.,1,,,2025-03-27T16:14:14,"Parecer do Relator, Dep. Ricardo Ayres (REPUBLIC-TO), pela aprovação, com substitutivo.",https://dadosabertos.camara.leg.br/api/v2/proposicoes/2476654
2488067-2,2025-03-26,2025-03-26T11:01:50,CSAUDE,2014,75348,Aprovado o Requerimento.,1,,,,"Apresentação da REQ n. 13/2025 (Requerimento de Moção), pelo Deputado Roberto Monteiro Pai (PL/RJ), que ""Requer a aprovação de Moção de Regozijo e Louvor aos profissionais da saúde do Hospital das Clínicas de Niterói (HCN) pelos relevantes serviços prestados a sociedade niteroiense e fluminense"".",
2488065-2,2025-03-26,2025-03-26T11:01:44,CSAUDE,2014,75348,Aprovado o Requerimento.,1,,,,"Apresentação da REQ n. 12/2025 (Requerimento de Moção), pelo Deputado Roberto Monteiro Pai (PL/RJ), que ""Requer a aprovação de Moção de Regozijo e Louvor à médica Dra. Renata Francioni Lopes Zappala pela exemplar e inestimável contribuição à saúde, à medicina, à pesquisa científica e à formação médica. "".",
2487889-2,2025-03-26,2025-03-26T11:01:28,CSAUDE,2014,75348,Aprovado o Requerimento.,1,,,,"Apresentação do REQ n. 11/2025 (Requerimento de Audiência Pública), pela Deputada Flávia Morais (PDT/GO), que ""Requer a realização de Audiência Pública conjunta na CSAUDE e CIDOSO com o objetivo de debater a saúde mental dos idosos e as realidades de atendimento nas Instituições de Longa Permanência para Idosos (ILPIs), sob a perspectiva da saúde"".",
2487888-2,2025-03-26,2025-03-26T11:01:13,CSAUDE,2014,75348,Aprovado o Requerimento.,1,,,,"Apresentação do REQ n. 10/2025 (Requerimento para realização ou participação em Seminário, Visita Técnica ou outro Evento), pelo Deputado Roberto Monteiro Pai (PL/RJ), que ""Requer a realização de visitas técnicas de membros desta Comissão de Saúde às unidades que compõem o Sistema Único de Saúde em todos os seus níveis de complexidade em municípios localizados no Estado do Rio de Janeiro.

"".",
2487887-3,2025-03-26,2025-03-26T11:00:58,CSAUDE,2014,75348,"Aprovado o Requerimento, com alteração. Aprovada a inclusão de Ricardo Amorim,  presidente da Sociedade Brasileira de Pneumologia e Tisiologia e representante da Associação Médica Brasileira (AMB), apresentada pela Deputada Jandira Feghali. Aprovada a inclusão de Mônica Andreis, diretora presidente da ACT Promoção da Saúde, apresentada pela Deputada Jandira Feghali e pelo Deputado Padre João. Aprovada a inclusão de Marta Rodriguez de Assis Machado, secretária nacional de políticas sobre drogas e gestão de ativos do Ministério da Justiça e Segurança Pública, apresentada pelo Deputado Paulo Folletto.",1,,,,"Apresentação do REQ n. 46/2025 (Requerimento (Outros)), pelo Deputado Paulo Folletto (PSB/ES), que ""Requer aditamento ao Requerimento Nº 09/2025, da Sra. Jandira Feghali (PCdoB-RJ), para que seja incluída no rol de convidados a participar na mesa de debate a Sra. Marta Rodrigues de Assis Machado- Secretária Nacional de Políticas sobre Drogas e Gestão de Ativos- SENAD/MJ"".",https://dadosabertos.camara.leg.br/api/v2/proposicoes/2489333
2487886-2,2025-03-26,2025-03-26T11:00:42,CSAUDE,2014,75348,Aprovado o Requerimento.,1,,,,"Apresentação do REQ n. 8/2025 (Requerimento de Audiência Pública), pela Deputada Adriana Ventura (NOVO/SP), que ""Requer a realização de audiência pública para debater o tema da fluoretação da água e os possíveis malefícios à saúde pública"".",
2459454-22,2025-03-26,2025-03-26T11:00:37,CVT,2016,75647,Aprovado o Parecer.,1,,,2025-03-27T16:07:44,"Parecer do Relator, Dep. Ricardo Ayres (REPUBLIC-TO), pela aprovação, com emendas.",https://dadosabertos.camara.leg.br/api/v2/proposicoes/2479489
2487885-2,2025-03-26,2025-03-26T11:00:32,CSAUDE,2014,75348,Aprovado o Requerimento.,1,,,,"Apresentação do REQ n. 7/2025 (Requerimento de Audiência Pública), pela Deputada Adriana Ventura (NOVO/SP), que ""Requer a realização de audiência pública para debater o desabastecimento de insulina no SUS"".",
2487884-2,2025-03-26,2025-03-26T11:00:23,CSAUDE,2014,75348,"Aprovado o Requerimento, com alteração. Aprovada a inclusão de representante da Federação Nacional de Saúde Suplementar (FenaSaúde), apresentada pelo Deputado Dr. Ismael Alexandrino.",1,,,,"Apresentação do REQ n. 6/2025 (Requerimento de Audiência Pública), pela Deputada Adriana Ventura (NOVO/SP), que ""Requer a realização de audiência pública para debater o tema da medicina baseada em evidências no contexto da judicialização da saúde no Brasil"".",
2417362-29,2025-03-26,2025-03-26T10:58:39,CE,2009,75675,Aprovado o Parecer.,1,,,2025-03-27T12:56:02,"Parecer da Relatora, Dep. Franciane Bayer (REPUBLIC-RS), pela aprovação deste e do Projeto de Lei nº 349/2024, apensado, com substitutivo.",https://dadosabertos.camara.leg.br/api/v2/proposicoes/2470411
2488478-2,2025-03-26,2025-03-26T10:58:19,CVT,2016,75647,Aprovado o Requerimento. Subscrito pelo Deputado Kiko Celeguim.,1,,,,"Apresentação do REQ n. 6/2025 (Requerimento de Audiência Pública), pelo Deputado Hugo Leal (PSD/RJ), que ""Requer a realização de audiência pública com o objetivo de debater o Projeto de Lei nº 3666/2024, que altera a Lei nº 9.503, de 1997 - Código de Trânsito Brasileiro,  para dispor sobre habilitação nas categorias C, D e E na condição de aprendiz, e propor soluções para os problemas decorrentes da escassez de motoristas profissionais no Brasil"".",
2487807-2,2025-03-26,2025-03-26T10:58:08,CVT,2016,75647,Aprovado o Requerimento. Subscrito pelos Deputados Kiko Celeguim e Rosana Valle.,1,,,,"Apresentação do REQ n. 4/2025 (Requerimento de Audiência Pública), pelo Deputado Zé Trovão (PL/SC), que ""Requer a realização de Audiência Pública com o objetivo de discutir a inconsistência na aplicação dos procedimentos de Fiscalização do Tempo de Direção e Descanso do Motorista Profissional, bem como suas respectivas sanções, previstas na 'Lei dos Caminhoneiros' (Lei 13.103/2015), em contraste com a precariedade da infraestrutura de pontos de repouso e descanso nas rodovias do país"".",
2487698-2,2025-03-26,2025-03-26T10:57:55,CVT,2016,75647,Aprovado o Requerimento. Subscrito pelo Deputado Kiko Celeguim.,1,,,,"Apresentação do REQ n. 3/2025 (Requerimento de Audiência Pública), pelo Deputado Hugo Leal (PSD/RJ), que ""Requer a realização de audiência pública com o objetivo de debater o Projeto de Lei nº 3262/2024 e propor soluções para os problemas decorrentes da implantação do pedágio sistema de livre passagem em pedágio (Free-Flow)"".",
2487695-2,2025-03-26,2025-03-26T10:57:38,CVT,2016,75647,Aprovado o Requerimento. Subscrito pelo Deputado Kiko Celeguim.,1,,,,"Apresentação do REQ n. 1/2025 (Requerimento de Audiência Pública), pelo Deputado Hugo Leal (PSD/RJ), que ""Requer a realização de audiência pública com o objetivo de debater e propor soluções para os problemas decorrentes da execução dos procedimentos de Fiscalização do Tempo de Direção e Descanso do Motorista Profissional e suas respectivas sanções, previstas na 'Lei dos Caminhoneiros' (Lei 13.103/2015), em face da precariedade da infraestrutura de pontos de repouso e descanso nas rodovias do País, na perspectiva da segurança viária"".",
2335232-40,2025-03-26,2025-03-26T10:55:51,CDE,2008,75640,Aprovado o Parecer.,1,,,2025-03-26T08:41:48,"Parecer do Relator, Dep. Luiz Gastão (PSD-CE), pela aprovação, com emenda.",https://dadosabertos.camara.leg.br/api/v2/proposicoes/2489408
2488231-3,2025-03-26,2025-03-26T10:54:28,CVT,2016,75647,Aprovado o Requerimento.,1,,,,"Apresentação do REQ n. 5/2025 (Requerimento para realização ou participação em Seminário, Visita Técnica ou outro Evento), pelo Deputado Gilson Daniel (PODE/ES), que ""Requer a realização de Mesa Redonda no Estado do Espírito Santo para debater a ampliação do sistema de transporte coletivo no município de Guarapari - ES, com foco na expansão do Sistema Transcol e seus impactos para a mobilidade urbana da região"".",
2471140-21,2025-03-26,2025-03-26T10:52:36,CCJC,2003,75650,Aprovado o Parecer.,1,,,2024-12-11T11:18:59,"Parecer da Relatora, Dep. Laura Carneiro (PSD-RJ), pela constitucionalidade, juridicidade e técnica legislativa.",https://dadosabertos.camara.leg.br/api/v2/proposicoes/2478083
2442331-23,2025-03-26,2025-03-26T10:52:36,CCJC,2003,75650,Aprovado o Parecer.,1,,,2025-02-05T15:44:17,"Parecer da Relatora, Dep. Laura Carneiro (PSD-RJ), pela constitucionalidade, juridicidade e técnica legislativa.",https://dadosabertos.camara.leg.br/api/v2/proposicoes/2481338
2476181-17,2025-03-26,2025-03-26T10:52:23,CCJC,2003,75650,Aprovado o Parecer.,1,,,2025-03-11T18:14:57,"Parecer do Relator, Dep. Diego Garcia (REPUBLIC-PR), pela constitucionalidade, juridicidade e técnica legislativa.",https://dadosabertos.camara.leg.br/api/v2/proposicoes/2480491
2474128-17,2025-03-26,2025-03-26T10:52:22,CCJC,2003,75650,Aprovado o Parecer.,1,,,2025-03-11T16:09:39,"Parecer do Relator, Dep. Lincoln Portela (PL-MG), pela constitucionalidade, juridicidade e técnica legislativa.",https://dadosabertos.camara.leg.br/api/v2/proposicoes/2480495
2474121-17,2025-03-26,2025-03-26T10:52:21,CCJC,2003,75650,Aprovado o Parecer.,1,,,2025-03-11T16:06:22,"Parecer do Relator, Dep. Luiz Philippe de Orleans e Bragança (PL-SP), pela constitucionalidade, juridicidade e técnica legislativa.",https://dadosabertos.camara.leg.br/api/v2/proposicoes/2480521
2474111-17,2025-03-26,2025-03-26T10:52:20,CCJC,2003,75650,Aprovado o Parecer.,1,,,2024-12-19T12:26:42,"Parecer da Relatora, Dep. Coronel Fernanda (PL-MT), pela constitucionalidade, juridicidade e técnica legislativa.",https://dadosabertos.camara.leg.br/api/v2/proposicoes/2480389
2474070-17,2025-03-26,2025-03-26T10:52:19,CCJC,2003,75650,Aprovado o Parecer.,1,,,2025-01-30T17:28:02,"Parecer do Relator, Dep. Cezinha de Madureira (PSD-SP), pela constitucionalidade, juridicidade e técnica legislativa.",https://dadosabertos.camara.leg.br/api/v2/proposicoes/2481283
2398614-24,2025-03-26,2025-03-26T10:52:18,CCJC,2003,75650,Aprovado o Parecer.,1,,,2024-12-09T16:50:20,"Parecer do Relator, Dep. Capitão Alberto Neto (PL-AM), pela constitucionalidade, juridicidade e técnica legislativa.",https://dadosabertos.camara.leg.br/api/v2/proposicoes/2477205
2432800-49,2025-03-26,2025-03-26T10:51:58,CCJC,2003,75650,Aprovada a Redação Final.,1,,,2024-09-18T13:12:38,"Parecer do Relator, Dep. Ricardo Ayres (REPUBLIC-TO), pela constitucionalidade, juridicidade e técnica legislativa.",https://dadosabertos.camara.leg.br/api/v2/proposicoes/2458350
2423153-51,2025-03-26,2025-03-26T10:51:57,CCJC,2003,75650,Aprovada a Redação Final.,1,,,2024-10-02T12:19:07,"Parecer do Relator, Dep. Ricardo Ayres (REPUBLIC-TO), pela constitucionalidade, juridicidade, técnica legislativa e, no mérito, pela aprovação, com substitutivo.",https://dadosabertos.camara.leg.br/api/v2/proposicoes/2459755
2422647-49,2025-03-26,2025-03-26T10:51:57,CCJC,2003,75650,Aprovada a Redação Final.,1,,,2024-11-13T12:59:04,"Parecer da Relatora, Dep. Bia Kicis (PL-DF), pela constitucionalidade, juridicidade e técnica legislativa.",https://dadosabertos.camara.leg.br/api/v2/proposicoes/2468886
2422561-49,2025-03-26,2025-03-26T10:51:57,CCJC,2003,75650,Aprovada a Redação Final.,1,,,2024-05-16T18:23:57,"Parecer do Relator, Dep. Zé Haroldo Cathedral (PSD-RR), pela constitucionalidade, juridicidade, técnica legislativa e, no mérito, pela aprovação.",https://dadosabertos.camara.leg.br/api/v2/proposicoes/2434422
2418299-54,2025-03-26,2025-03-26T10:51:56,CCJC,2003,75650,Aprovada a Redação Final.,1,,,2024-11-26T09:33:03,"Parecer da Relatora, Dep. Chris Tonietto (PL-RJ), pela constitucionalidade, juridicidade e técnica legislativa deste, do Projeto de Lei nº 1.644/2024, apensado, com emenda, e do Substitutivo da Comissão de Defesa dos Direitos das Pessoas com Deficiência.",https://dadosabertos.camara.leg.br/api/v2/proposicoes/2470787
2435870-32,2025-03-26,2025-03-26T10:51:56,CCJC,2003,75650,Aprovada a Redação Final.,1,,,2024-11-11T17:37:21,"Parecer da Relatora, Dep. Julia Zanatta (PL-SC), pela constitucionalidade, juridicidade e técnica legislativa.",https://dadosabertos.camara.leg.br/api/v2/proposicoes/2467836
2432268-34,2025-03-26,2025-03-26T10:51:56,CCJC,2003,75650,Aprovada a Redação Final.,1,,,2024-11-28T15:46:41,"Parecer do Relator, Dep. Diego Coronel (PSD-BA), pela constitucionalidade, juridicidade e técnica legislativa.",https://dadosabertos.camara.leg.br/api/v2/proposicoes/2473141
2430241-32,2025-03-26,2025-03-26T10:51:56,CCJC,2003,75650,Aprovada a Redação Final.,1,,,2024-10-22T10:40:51,"Parecer da Relatora, Dep. Julia Zanatta (PL-SC), pela constitucionalidade, juridicidade e técnica legislativa.",https://dadosabertos.camara.leg.br/api/v2/proposicoes/2463639
2428308-34,2025-03-26,2025-03-26T10:51:55,CCJC,2003,75650,Aprovada a Redação Final.,1,,,2024-11-05T16:52:12,"Parecer da Relatora, Dep. Ana Paula Lima (PT-SC), pela constitucionalidade, juridicidade e técnica legislativa.",https://dadosabertos.camara.leg.br/api/v2/proposicoes/2467184
2426579-36,2025-03-26,2025-03-26T10:51:55,CCJC,2003,75650,Aprovada a Redação Final.,1,,,2024-11-28T11:48:30,"Parecer do Relator, Dep. Diego Coronel (PSD-BA), pela constitucionalidade, juridicidade e técnica legislativa.",https://dadosabertos.camara.leg.br/api/v2/proposicoes/2472792
2426573-32,2025-03-26,2025-03-26T10:51:55,CCJC,2003,75650,Aprovada a Redação Final.,1,,,2024-10-21T18:15:40,"Parecer da Relatora, Dep. Julia Zanatta (PL-SC), pela constitucionalidade, juridicidade e técnica legislativa.",https://dadosabertos.camara.leg.br/api/v2/proposicoes/2463631
2426551-32,2025-03-26,2025-03-26T10:51:55,CCJC,2003,75650,Aprovada a Redação Final.,1,,,2024-10-17T11:58:11,"Parecer da Relatora, Dep. Tabata Amaral (PSB-SP), pela constitucionalidade, juridicidade e técnica legislativa.",https://dadosabertos.camara.leg.br/api/v2/proposicoes/2462767
2423018-34,2025-03-26,2025-03-26T10:51:54,CCJC,2003,75650,Aprovada a Redação Final.,1,,,2024-10-17T12:15:21,"Parecer da Relatora, Dep. Tabata Amaral (PSB-SP), pela constitucionalidade, juridicidade e técnica legislativa.",https://dadosabertos.camara.leg.br/api/v2/proposicoes/2462766
2423014-32,2025-03-26,2025-03-26T10:51:54,CCJC,2003,75650,Aprovada a Redação Final.,1,,,2024-12-05T18:41:34,"Parecer do Relator, Dep. Sidney Leite (PSD-AM), pela constitucionalidade, juridicidade e técnica legislativa.",https://dadosabertos.camara.leg.br/api/v2/proposicoes/2476439
2399305-53,2025-03-26,2025-03-26T10:51:54,CCJC,2003,75650,Aprovada a Redação Final.,1,,,2024-11-04T18:44:58,"Parecer da Relatora, Dep. Maria Arraes (SOLIDARI-PE), pela constitucionalidade, juridicidade e técnica legislativa.",https://dadosabertos.camara.leg.br/api/v2/proposicoes/2466828
2394857-53,2025-03-26,2025-03-26T10:51:54,CCJC,2003,75650,Aprovada a Redação Final.,1,,,2024-11-27T14:41:38,"Parecer do Relator, Dep. Alex Manente (CIDADANIA-SP), pela constitucionalidade, juridicidade e técnica legislativa deste, na forma do Substitutivo da Comissão de Defesa dos Direitos das Pessoas com Deficiência",https://dadosabertos.camara.leg.br/api/v2/proposicoes/2470721
2392925-62,2025-03-26,2025-03-26T10:51:53,CCJC,2003,75650,Aprovada a Redação Final.,1,,,2024-11-25T14:05:56,"Parecer do Relator, Dep. Paulo Magalhães (PSD-BA), pela constitucionalidade, juridicidade e técnica legislativa, com emenda.",https://dadosabertos.camara.leg.br/api/v2/proposicoes/2471251
2392768-65,2025-03-26,2025-03-26T10:51:53,CCJC,2003,75650,Aprovada a Redação Final.,1,,,2024-11-11T15:24:37,"Parecer do Relator, Dep. Delegado Paulo Bilynskyj (PL-SP), pela constitucionalidade, juridicidade e técnica legislativa, com emenda de redação.",https://dadosabertos.camara.leg.br/api/v2/proposicoes/2467755
2376611-54,2025-03-26,2025-03-26T10:51:53,CCJC,2003,75650,Aprovada a Redação Final.,1,,,2024-07-30T10:23:29,"Parecer do Relator, Dep. Patrus Ananias (PT-MG), pela constitucionalidade, juridicidade e técnica legislativa.",https://dadosabertos.camara.leg.br/api/v2/proposicoes/2441708
2374155-51,2025-03-26,2025-03-26T10:51:52,CCJC,2003,75650,Aprovada a Redação Final.,1,,,2024-06-10T18:12:52,"Parecer da Relatora, Dep. Fernanda Pessoa (UNIÃO-CE), pela constitucionalidade, juridicidade e técnica legislativa.",https://dadosabertos.camara.leg.br/api/v2/proposicoes/2439240
2369900-49,2025-03-26,2025-03-26T10:51:52,CCJC,2003,75650,Aprovada a Redação Final.,1,,,2024-03-06T20:34:52,"Parecer do Relator, Dep. Ricardo Ayres (REPUBLIC-TO), pela constitucionalidade, juridicidade, técnica legislativa e, no mérito, pela aprovação.",https://dadosabertos.camara.leg.br/api/v2/proposicoes/2419690
2362846-48,2025-03-26,2025-03-26T10:51:52,CCJC,2003,75650,Aprovada a Redação Final.,1,,,2024-10-25T14:48:21,"Parecer do Relator, Dep. Luiz Couto (PT-PB), pela constitucionalidade, juridicidade e técnica legislativa.",https://dadosabertos.camara.leg.br/api/v2/proposicoes/2464682
2362323-52,2025-03-26,2025-03-26T10:51:52,CCJC,2003,75650,Aprovada a Redação Final.,1,,,2024-11-11T09:41:44,"Parecer do Relator, Dep. Roberto Duarte (REPUBLIC-AC), pela constitucionalidade, juridicidade e técnica legislativa, com emendas.",https://dadosabertos.camara.leg.br/api/v2/proposicoes/2467647
2358532-94,2025-03-26,2025-03-26T10:51:51,CCJC,2003,75650,Aprovada a Redação Final.,1,,,2024-11-19T13:22:05,"Parecer do Relator, Dep. Delegado Paulo Bilynskyj (PL-SP), pela constitucionalidade, juridicidade e técnica legislativa deste, do Substitutivo da Comissão de Segurança Pública e Combate ao Crime Organizado e do Substitutivo da Comissão de Administração e Serviço Público, com subemenda saneadora de inconstitucionalidade e injuridicidade; e pela inconstitucionalidade, injuridicidade e má técnica legislativa da Emenda n° 1/2023 apresentada na Comissão de Administração e Serviço Público e das Emendas n°s 1/2024 e 3/2024 apresentadas nesta Comissão de Constituição e Justica e de Cidadania.",https://dadosabertos.camara.leg.br/api/v2/proposicoes/2469992
2355563-56,2025-03-26,2025-03-26T10:51:51,CCJC,2003,75650,Aprovada a Redação Final.,1,,,2024-12-02T15:51:36,"Parecer do Relator, Dep. Diego Coronel (PSD-BA), pela constitucionalidade, juridicidade e técnica legislativa.",https://dadosabertos.camara.leg.br/api/v2/proposicoes/2473866
2355560-52,2025-03-26,2025-03-26T10:51:50,CCJC,2003,75650,Aprovada a Redação Final.,1,,,2024-12-02T14:53:56,"Parecer do Relator, Dep. Diego Coronel (PSD-BA), pela constitucionalidade, juridicidade e técnica legislativa.",https://dadosabertos.camara.leg.br/api/v2/proposicoes/2473206
2354501-70,2025-03-26,2025-03-26T10:51:50,CCJC,2003,75650,Aprovada a Redação Final.,1,,,2024-11-21T22:51:25,"Parecer do Relator, Dep. Rubens Pereira Júnior (PT-MA), pela constitucionalidade, juridicidade e técnica legislativa deste e do Substitutivo da Comissão de Defesa dos Direitos das Pessoas com Deficiência.",https://dadosabertos.camara.leg.br/api/v2/proposicoes/2470908
2414782-33,2025-03-26,2025-03-26T10:51:49,CCJC,2003,75650,Aprovada a Redação Final.,1,,,2024-11-28T16:26:10,"Parecer do Relator, Dep. Diego Coronel (PSD-BA), pela constitucionalidade, juridicidade e técnica legislativa.",https://dadosabertos.camara.leg.br/api/v2/proposicoes/2473164
2414757-33,2025-03-26,2025-03-26T10:51:49,CCJC,2003,75650,Aprovada a Redação Final.,1,,,2024-10-17T12:11:25,"Parecer da Relatora, Dep. Tabata Amaral (PSB-SP), pela constitucionalidade, juridicidade e técnica legislativa.",https://dadosabertos.camara.leg.br/api/v2/proposicoes/2462741
2414741-33,2025-03-26,2025-03-26T10:51:49,CCJC,2003,75650,Aprovada a Redação Final.,1,,,2024-10-14T18:10:50,"Parecer do Relator, Dep. Lafayette de Andrada (REPUBLIC-MG), pela constitucionalidade, juridicidade e técnica legislativa.",https://dadosabertos.camara.leg.br/api/v2/proposicoes/2462076
2336504-60,2025-03-26,2025-03-26T10:51:48,CCJC,2003,75650,Aprovada a Redação Final.,1,,,2024-08-07T16:36:25,"Parecer do Relator, Dep. Rafael Brito (MDB-AL), pela constitucionalidade, juridicidade e técnica legislativa deste, com emendas de redação, do Projeto de Lei nº 1.736/2023, apensado, com emenda de redação, e do Substitutivo da Comissão de Educação, com subemendas de redação.",https://dadosabertos.camara.leg.br/api/v2/proposicoes/2451309
2335041-57,2025-03-26,2025-03-26T10:51:48,CCJC,2003,75650,Aprovada a Redação Final.,1,,,2024-10-29T16:35:50,"Parecer da Relatora, Dep. Bia Kicis (PL-DF), pela constitucionalidade, juridicidade e técnica legislativa deste, na forma do Substitutivo da Comissão de Cultura.",https://dadosabertos.camara.leg.br/api/v2/proposicoes/2464791
2318605-85,2025-03-26,2025-03-26T10:51:48,CCJC,2003,75650,Aprovada a Redação Final.,1,,,2024-12-04T12:13:55,"Parecer da Relatora, Dep. Laura Carneiro (PSD-RJ), pela constitucionalidade, juridicidade e técnica legislativa deste, com substitutivo, e do Substitutivo da Comissão de Integração Nacional e Desenvolvimento Regional, com subemenda substitutiva. ",https://dadosabertos.camara.leg.br/api/v2/proposicoes/2475465
2317752-61,2025-03-26,2025-03-26T10:51:47,CCJC,2003,75650,Aprovada a Redação Final.,1,,,2024-05-10T16:09:55,"Parecer da Relatora, Dep. Caroline de Toni (PL-SC), pela constitucionalidade, juridicidade e técnica legislativa deste e do Substitutivo da Comissão de Trabalho, de Administração e Serviço Público.",https://dadosabertos.camara.leg.br/api/v2/proposicoes/2432897
2294026-71,2025-03-26,2025-03-26T10:51:47,CCJC,2003,75650,Aprovada a Redação Final.,1,,,2024-11-29T09:34:21,"Parecer do Relator, Dep. Diego Garcia (REPUBLIC-PR), pela constitucionalidade, juridicidade e técnica legislativa deste, do Projeto de Lei n° 2.988/2023, apensado, e do Substitutivo da Comissão de Saúde, com subemenda substitutiva. ",https://dadosabertos.camara.leg.br/api/v2/proposicoes/2473262
2294847-37,2025-03-26,2025-03-26T10:51:46,CCJC,2003,75650,Aprovada a Redação Final.,1,,,2024-11-28T11:45:26,"Parecer do Relator, Dep. Orlando Silva (PCdoB-SP), pela constitucionalidade, juridicidade e técnica legislativa.",https://dadosabertos.camara.leg.br/api/v2/proposicoes/2471692
2268830-82,2025-03-26,2025-03-26T10:51:46,CCJC,2003,75650,Aprovada a Redação Final.,1,,,2023-10-26T12:54:16,"Parecer da Relatora, Dep. Laura Carneiro (PSD-RJ), pela constitucionalidade, juridicidade e técnica legislativa deste e do Substitutivo da Comissão do Esporte.",https://dadosabertos.camara.leg.br/api/v2/proposicoes/2399283
2257241-62,2025-03-26,2025-03-26T10:51:45,CCJC,2003,75650,Aprovada a Redação Final.,1,,,2024-11-29T09:46:54,"Parecer do Relator, Dep. Zé Haroldo Cathedral (PSD-RR), pela constitucionalidade, juridicidade e técnica legislativa deste e do Substitutivo da Comissão de Defesa dos Direitos das Pessoas com Deficiência.",https://dadosabertos.camara.leg.br/api/v2/proposicoes/2473268
2255231-79,2025-03-26,2025-03-26T10:51:45,CCJC,2003,75650,Aprovada a Redação Final.,1,,,2023-09-26T13:28:39,"Parecer da Relatora, Dep. Laura Carneiro (PSD-RJ), pela constitucionalidade, juridicidade, técnica legislativa e, no mérito, pela aprovação, na forma do Substitutivo da Comissão de Defesa dos Direitos da Mulher, com subemenda substitutiva.",https://dadosabertos.camara.leg.br/api/v2/proposicoes/2390382
2252875-79,2025-03-26,2025-03-26T10:51:44,CCJC,2003,75650,Aprovada a Redação Final.,1,,,2024-05-20T16:52:43,"Parecer do Relator, Dep. Rubens Pereira Júnior (PT-MA), pela constitucionalidade, juridicidade e técnica legislativa deste, do Substitutivo da Comissão de Desenvolvimento Econômico, Indústria, Comércio e Serviços e do Substitutivo da Comissão de Ciência e Tecnologia, Comunicação e Informática, com subemenda.",https://dadosabertos.camara.leg.br/api/v2/proposicoes/2434121
2228356-91,2025-03-26,2025-03-26T10:51:44,CCJC,2003,75650,Aprovada a Redação Final.,1,,,2024-05-29T13:31:37,"Parecer da Relatora, Dep. Laura Carneiro (PSD-RJ), pela constitucionalidade, juridicidade e técnica legislativa.",https://dadosabertos.camara.leg.br/api/v2/proposicoes/2437216
2209251-71,2025-03-26,2025-03-26T10:51:43,CCJC,2003,75650,Aprovada a Redação Final.,1,,,2024-11-27T11:44:39,"Parecer da Relatora, Dep. Erika Kokay (PT-DF), pela constitucionalidade, juridicidade e técnica legislativa deste e do Substitutivo da Comissão de Trabalho, de Administração e Serviço Público.",https://dadosabertos.camara.leg.br/api/v2/proposicoes/2472435
2206862-121,2025-03-26,2025-03-26T10:51:43,CCJC,2003,75650,Aprovada a Redação Final.,1,,,2024-10-16T10:03:54,"Parecer da Relatora, Dep. Erika Kokay (PT-DF), pela constitucionalidade, juridicidade e técnica legislativa deste e do Substitutivo da Comissão de Saúde e pela constitucionalidade, injuridicidade e técnica legislativa do Substitutivo da Comissão de Trabalho de Administração e Serviço Público.",https://dadosabertos.camara.leg.br/api/v2/proposicoes/2462672
2205879-61,2025-03-26,2025-03-26T10:51:43,CCJC,2003,75650,Aprovada a Redação Final.,1,,,2024-08-05T11:33:20,"Parecer do Relator, Dep. Luiz Couto (PT-PB), pela constitucionalidade, juridicidade, técnica legislativa e, no mérito, pela aprovação deste e da Emenda da Comissão de Defesa dos Direitos das Pessoas com Deficiência. 
",https://dadosabertos.camara.leg.br/api/v2/proposicoes/2438739
2196792-60,2025-03-26,2025-03-26T10:51:42,CCJC,2003,75650,Aprovada a Redação Final.,1,,,2024-06-10T19:04:09,"Parecer do Relator, Dep. Aureo Ribeiro (SOLIDARI-RJ), pela constitucionalidade, juridicidade e técnica legislativa.",https://dadosabertos.camara.leg.br/api/v2/proposicoes/2439430
2193973-90,2025-03-26,2025-03-26T10:51:42,CCJC,2003,75650,Aprovada a Redação Final.,1,,,2024-07-29T15:23:16,"Parecer do Relator, Dep. José Medeiros (PL-MT), pela constitucionalidade, juridicidade e técnica legislativa deste, com emendas, do Substitutivo da Comissão de Desenvolvimento Econômico, Indústria, Comércio e Serviços e do Substitutivo da Comissão de Viação e Transporte, com subemenda.",https://dadosabertos.camara.leg.br/api/v2/proposicoes/2450384
2079523-65,2025-03-26,2025-03-26T10:51:41,CCJC,2003,75650,Aprovada a Redação Final.,1,,,2024-08-23T12:19:16,"Parecer do Relator, Dep. Domingos Sávio (PL-MG), pela constitucionalidade, juridicidade e técnica legislativa.",https://dadosabertos.camara.leg.br/api/v2/proposicoes/2438844
484725-92,2025-03-26,2025-03-26T10:51:41,CCJC,2003,75650,Aprovada a Redação Final.,1,,,2023-10-18T12:37:41,"Parecer do Relator, Dep. Helder Salomão (PT-ES), pela constitucionalidade, juridicidade, técnica legislativa e, no mérito, pela aprovação deste e dos Projetos de Lei nºs 6.058/2009 e 5.562/2009, apensados, na forma do Substitutivo da Comissão de Seguridade Social e Família, com subemenda substitutiva.",https://dadosabertos.camara.leg.br/api/v2/proposicoes/2395935
464231-125,2025-03-26,2025-03-26T10:51:41,CCJC,2003,75650,Aprovada a Redação Final.,1,,,2023-10-19T17:16:58,"Parecer da Relatora, Dep. Laura Carneiro (PSD-RJ), pela constitucionalidade, juridicidade e técnica legislativa deste e do Substitutivo da Comissão de Defesa dos Direitos das Pessoas com Deficiência.",https://dadosabertos.camara.leg.br/api/v2/proposicoes/2396638
2487696-4,2025-03-26,2025-03-26T10:51:16,CVT,2016,75647,Aprovado o Requerimento. Subscrito pelo Deputado Gilson Daniel.,1,,,,"Apresentação do REQ n. 2/2025 (Requerimento de Audiência Pública), pelo Deputado Bebeto (PP/RJ), que ""Requer a realização de audiência pública para debater a implantação da infraestrutura ferroviária no trecho da EF-118(Anel Ferroviário do Sudeste), entre São João da Barra/RJ e Anchieta/ES e a revitalização da malha ferroviária em toda a Baixada Fluminense, como foco o município de São João de Meriti e os bairros Tomazinho, São Mateus, Edem e Vila Norma"".",
2314879-53,2025-03-26,2025-03-26T10:51:08,CDE,2008,75640,Aprovado o Parecer.,1,,,2025-03-27T13:31:18,"Parecer do Relator, Dep. Luiz Gastão (PSD-CE), pela rejeição.",https://dadosabertos.camara.leg.br/api/v2/proposicoes/2481522
2488521-3,2025-03-26,2025-03-26T10:46:01,CTRAB,2015,75680,"Aprovado o Requerimento, o qual foi subscrito pelo Deputado André Figueiredo.",1,,,,"Apresentação do REQ n. 7/2025 (Requerimento de Audiência Pública), pela Deputada Erika Kokay (PT/DF -Fdr PT-PCdoB-PV), que ""Requer a realização de audiência pública com o objetivo de discutir as consequências do trabalho em plataformas de entrega de alimentos para a saúde do trabalhador e da trabalhadora de aplicativo"".",
946577-79,2025-03-26,2025-03-26T10:44:59,CDE,2008,75640,Aprovado o Parecer.,1,,,2024-11-12T16:04:30,"Parecer do Relator, Dep. Daniel Almeida (PCdoB-BA), pela rejeição deste, e do Substitutivo adotado pela Comissão de Esportes.",https://dadosabertos.camara.leg.br/api/v2/proposicoes/2468440
2488520-2,2025-03-26,2025-03-26T10:43:46,CTRAB,2015,75680,"Aprovado o Requerimento, o qual foi subscrito pelo Deputado André Figueiredo.",1,,,,"Apresentação do REQ n. 6/2025 (Requerimento de Audiência Pública), pela Deputada Erika Kokay (PT/DF -Fdr PT-PCdoB-PV), que ""Requer a realização de audiência pública destinada a debater os impactos do plano de instituições bancárias em transferir trabalhadores (as) vinculados (as) ao seu CNPJ para suas subsidiárias"".",
2438791-23,2025-03-26,2025-03-26T10:43:43,CE,2009,75675,Aprovado o Parecer.,1,,,2025-03-24T17:11:08,"Parecer do Relator, Dep. Wilson Santiago (REPUBLIC-PB), pela aprovação.",https://dadosabertos.camara.leg.br/api/v2/proposicoes/2467057
2488726-2,2025-03-26,2025-03-26T10:42:18,CFT,2010,75648,Aprovado o Requerimento.,1,,,,"Apresentação do REQ n. 9/2025 (Requerimento de Audiência Pública), pelo Deputado Sargento Portugal (PODE/RJ), que ""Requerimento de Audiência Pública para debater o Projeto de Lei nº 317, de 2022"".",
2488725-2,2025-03-26,2025-03-26T10:42:18,CFT,2010,75648,Aprovado o Requerimento.,1,,,,"Apresentação do REQ n. 8/2025 (Requerimento de Audiência Pública), pelo Deputado Júlio Cesar (PSD/PI), que ""Requer aditamento ao Requerimento nº 5/25, do Sr. Luiz Carlos Hauly, para inclusão de representante do Conselho Federal de Contabilidade (CFC), na audiência pública para debater acerca da previsão de cobrança pela utilização dos sistemas operacionais indispensáveis para a implantação da Reforma Tributária. (PEC 132/2023)"".",
